,name,0,count
2008,White Spot,26,26
1353,Pizza Hut,21,21
538,Freshii,20,20
181,Boston Pizza,18,18
1154,Nando's,14,14
313,Chopped Leaf,11,11
240,Cactus Club Cafe,11,11
410,Denny's,11,11
1092,Milestones,5,5
1277,Peaceful Restaurant,5,5
1163,Neptune Chinese Kitchen,5,5
1294,Pho 99,4,4
102,Banana Leaf,4,4
1852,The Old Spaghetti Factory,4,4
1807,The Chopped Leaf,4,4
420,Dinesty Dumpling House,4,4
1835,The Keg,4,4
457,Earl's,4,4
154,Big Star Sandwich Co.,4,4
399,De Dutch,4,4
406,Deer Garden Signatures,4,4
1432,Ricky's,4,4
207,Browns Socialhouse,4,4
1258,Panago Pizza,4,4
352,Cora,4,4
1339,Phở Hòa,4,4
1248,Pacific Poke,4,4
1901,Togo Sushi,4,4
1118,Montana's,3,3
1278,Pearl Castle Cafe,3,3
660,Hapa Izakaya,3,3
211,Bubble World,3,3
1418,Red Robin,3,3
222,Burgoo,3,3
437,Donair Town,3,3
539,Freshslice Pizza,3,3
1664,Sushi Garden,3,3
737,Icy Bar,3,3
735,IHOP,3,3
1689,Sushi Mori,3,3
458,Earls,3,3
1454,Rogue Kitchen & Wetbar,3,3
174,Boiling Point,3,3
206,Browns Social House,3,3
1063,Meat & Bread,3,3
1661,Sushi California,3,3
1782,Thai Son Restaurant,3,3
934,La Taqueria,3,3
400,De Dutch Pannekoek House,3,3
1776,Thai Basil,3,3
1351,Pizza Factory,3,3
1922,Tractor,3,3
1326,Pho Tau Bay,3,3
1313,Pho Japolo,3,3
1205,Nuba,3,3
501,Fatburger,3,3
1804,The Captain's Boil,3,3
1640,Sun Sui Wah Seafood Restaurant,2,2
955,Lee Yuen Seafood Restaurant,2,2
683,Heirloom,2,2
1453,Rodney's Oyster House,2,2
1236,Original Joe's,2,2
1237,Original Joe's Restaurant & Bar,2,2
917,L'OTUS Cake Boutique,2,2
1194,Nook,2,2
1241,Osaka Sushi,2,2
908,Kung Fu Noodle,2,2
1953,Umami Sushi,2,2
1943,TurF,2,2
1433,Ricky's All Day Grill,2,2
1671,Sushi House,2,2
687,Heritage Asian Eatery,2,2
1905,Tokyo Joe's,2,2
1891,Tian Shi Fu Restaurant,2,2
1206,O Sushi,2,2
1930,Triple O’s,2,2
1929,Triple O's,2,2
705,Hon's Wonton House,2,2
468,Ebisu,2,2
699,Hokkaido Ramen Santouka,2,2
935,La Taqueria Pinche Taco Shop,2,2
171,Bob Likes Thai Food,2,2
1921,Townhall Public House,2,2
1350,Pizza,2,2
929,La Mezcaleria,2,2
1691,Sushi Mura,2,2
906,Kuma,2,2
1678,Sushi King House,2,2
1822,The Flying Pig,2,2
753,Indochine Kitchen + Bar,2,2
762,Italian Tomato,2,2
765,J's Pizza,2,2
381,Dae-Ji Cutlet House,2,2
1803,The Canadian Brewhouse & Grill,2,2
304,China Lan Lanzhou Beef Noodle,2,2
1800,The Buffet,2,2
310,Chongqing,2,2
1797,The Boathouse Restaurant,2,2
1739,Tacofino,2,2
784,Jang Mo Jib Korean Restaurant,2,2
1358,Pizzeria Ludica,2,2
1775,Thai Away Home,2,2
336,Colony,2,2
805,Johnny Rockets,2,2
803,Joe's Grill,2,2
799,Jinya Ramen Bar,2,2
1763,Tasty Indian Bistro,2,2
282,Chef Hung Taiwanese Beef Noodle,2,2
1293,Pho 777 Vietnamese Restaurant,2,2
402,Deacon's Corner,2,2
1865,The Reef,2,2
210,Bubble Waffle Cafe,2,2
214,Buddha-full,2,2
215,Bufala,2,2
1684,Sushi Mania,2,2
436,Donair Spot,2,2
892,Kokoro Tokyo Mazesoba,2,2
232,C-Lovers Fish & Chips,2,2
1411,Ramen Koika,2,2
1696,Sushi Oyama,2,2
1291,Pho 37,2,2
1406,Ramen Danbo,2,2
1269,Pasta Polo,2,2
1854,The Pantry,2,2
408,Delicious Pho,2,2
1842,The Little Donkey,2,2
1285,Pepper Lunch,2,2
267,Cattle Cafe,2,2
1836,The Keg Steakhouse + Bar,2,2
1193,Noodlebox,2,2
348,Copa Cafe,2,2
1034,Manzo Japanese Restaurant,2,2
661,Happy Day Cafe,2,2
537,FreshSlice Pizza,2,2
980,Liuyishou Hotpot,2,2
1116,Momo Sushi,2,2
2018,Wings,2,2
667,Happy Tree House BBQ,2,2
1045,Marutama Ra-men,2,2
616,Green Lemongrass,2,2
1980,Vij's,2,2
1017,Mahek Restaurant & Lounge,2,2
1981,Village Sushi,2,2
2013,Wild Tale,2,2
1983,Virtuous Pie,2,2
2044,Yolks,2,2
73,Asa Sushi,2,2
1167,Neptune Wonton Noodle,2,2
1166,Neptune Seafood Restaurant,2,2
1165,Neptune Express,2,2
2065,Zeitoon,2,2
1560,Shizen Ya,2,2
1505,Salty's Fish & Chips,2,2
1568,Silver Dragon Restaurant,2,2
1523,Sapporo Kitchen,2,2
2059,Zaika Tastes of India,2,2
1601,Sopra Sotto,2,2
2021,Wok Box,2,2
113,Bao Down,2,2
1077,Memphis Blues BBQ House,2,2
976,Little Saigon,2,2
1135,Mui Garden,2,2
1183,Nikko Sushi,2,2
2025,X-Site Grill & Bistro,2,2
117,Barcelos,2,2
1971,Vera's Burger Shack,2,2
1075,Memory Corner,2,2
1464,Round Table Pizza,2,2
128,Beijiang Restaurant,2,2
495,Famoso Neapolitan Pizzeria,2,2
121,Basil Pasta Bar,2,2
1516,Sandwich Tree,1,1
1388,Prospect Point Cafe,1,1
1517,Sandy La Chinese Restaurant,1,1
1398,Racebook,1,1
1512,Samurai,1,1
1387,Prince Chinese Seafood Restaurant,1,1
1390,Public House,1,1
1399,Rad on Denman,1,1
1386,Primo's Mexican Grill,1,1
1385,Primerose,1,1
1384,Prestons Restaurant + Lounge,1,1
1400,Raga,1,1
1383,Preference,1,1
1382,Prabu Sweets,1,1
1389,Provence Marinaside,1,1
1507,Sambal Coconut Malaysian Szechuan Cuisine,1,1
1506,Salty's Fish and Chips,1,1
1392,Pudgie's Pizza & Pasta,1,1
1393,Punje Spice Indian Restaurant,1,1
1511,Samsoonie Noodle & Rice,1,1
1380,Potter's Garden,1,1
1513,Samurai Sushi on Fraser,1,1
1395,RIB & CHICKEN,1,1
1514,San Remo Pizza,1,1
1510,Sammy J's Grill & Bar,1,1
1397,Ra Sushi,1,1
1515,Sanbo Chinese Restaurant,1,1
1391,Published on Main,1,1
1396,RV's Butter Kitchen,1,1
1509,Sammy J's,1,1
1508,Sammy J Pepper's,1,1
1394,RE-UP BBQ,1,1
1381,Poultry in Motion,1,1
1459,Rorimomo,1,1
1518,Sango,1,1
1379,Potluck Hawker Eatery,1,1
1362,Po Kong,1,1
1361,Plum Garden,1,1
1529,Scallion's Bistro,1,1
1360,Plateau Pizza,1,1
1530,Scan-Delicious,1,1
1359,Planet India Restaurant,1,1
1531,Schnitzelhaus Restaurant,1,1
1532,Schnitzelz,1,1
1533,Scoozis,1,1
1534,Sea Fortune Restaurant,1,1
1357,Pizzeria Barbarella,1,1
1535,Sea Harbour Seafood restaurant,1,1
1536,Sehmi,1,1
1356,Pizza64,1,1
1537,Seiza Japanese Cuisine,1,1
1355,Pizza Spot,1,1
1354,Pizza Knight,1,1
1538,Sekai,1,1
1352,Pizza Farina,1,1
1539,Senova,1,1
1540,Seorae Korean BBQ,1,1
1363,Poco Sushi,1,1
1364,Point Grill,1,1
1365,Pokay,1,1
1373,Pondok,1,1
1519,Sango Japanese Restaurant,1,1
1378,Poseidon Greek Restaurant,1,1
1520,Sanpoutei Ramen,1,1
1521,Sansho,1,1
1522,Sapphire Bistro,1,1
1377,Portobello,1,1
1524,Saravanaa Bhavan (South Indian),1,1
1376,Porto Fino Express,1,1
1374,Poor Italian,1,1
1525,Saray Turkish Cuisine,1,1
1366,Poke Bar,1,1
1526,Sarpanch Sweets & Restaurant,1,1
1372,Pomegranate,1,1
1371,Polly Pokinos Gourmet Wings,1,1
1527,Save On Meats,1,1
1370,Polito's Latin Café,1,1
1528,Sawasdee Thai Restaurant,1,1
1369,Pokey Okey,1,1
1368,Poke Time,1,1
1367,Poke Five,1,1
1375,Porthole Steveston,1,1
1497,Saigon Xua,1,1
1401,Ragazzi Pizza Co.,1,1
1472,Royal Tandoori,1,1
1437,Ricky's Country Restaurant,1,1
1467,Roy's Indian,1,1
1468,Royal Fortune Szechuan Restaurant,1,1
1469,Royal Nepalese Momo Palace,1,1
1470,Royal Seafood Restaurant,1,1
1471,Royal Seoul House,1,1
1436,Ricky's Cafe,1,1
1435,Ricky's COUNTRY - Restaurant -,1,1
1434,Ricky's Bar & Grill,1,1
1473,Rozzini's,1,1
1439,Ricky’s Country Restaurant,1,1
1474,Rue 909 Sushi,1,1
1431,Rickshaw Chinese Food,1,1
1430,Richmond Sushi,1,1
1429,Richmond Night Market,1,1
1475,Rumpus Room,1,1
1428,Rib & Chicken,1,1
1476,Rustique Bistro,1,1
1477,Rusty's Pub,1,1
1478,Ryan's Chinese Restaurant,1,1
1438,Rickys All Day Burger,1,1
1466,Roundel Café,1,1
1426,Revel Room,1,1
1450,Robba Da Matti,1,1
1457,Romer's,1,1
1456,Romano's Pizza,1,1
1455,Rokku Asian Cuisine,1,1
1460,Rosa's Cucina Italiana,1,1
1461,Rose Garden Seafood Restaurant,1,1
1452,Rocky Mountain Flatbread Co.,1,1
1462,Rose Persian Cuisine,1,1
1463,Roseland Restaurant,1,1
1451,Rocky Mountain Flatbread,1,1
1449,Roadside Spicy Pot,1,1
1440,Riddim & Spice,1,1
1448,Roadrunner Restaurant,1,1
1447,Riya's Pizza,1,1
1465,Round-Up Cafe,1,1
1446,Rivers Restaurant,1,1
1445,RiverHouse,1,1
1444,River Chinese Cuisine,1,1
1443,Rise & Noodle,1,1
1442,Rio Brazilian Steakhouse,1,1
1441,Rio Brazilian Steak House,1,1
1427,Rhinofish Noodle Bar,1,1
1479,Ryuu,1,1
1504,Salsa and Agave Mexican Grill,1,1
1407,Ramen Gaoh,1,1
1494,Sai Woo,1,1
1413,Ramen Sanpachi,1,1
1495,Saigon By Night,1,1
1412,Ramen Raijin,1,1
1496,Saigon City,1,1
1410,Ramen Kobo,1,1
1409,Ramen Hachi,1,1
1408,Ramen Gojiro,1,1
1458,Romers Burger Bar,1,1
1498,Saison,1,1
1415,Ramie's Greek Restaurant,1,1
1405,Rajio Japanese Public House,1,1
1499,Sake Maki Sushi,1,1
1500,Saku,1,1
1404,Raisu,1,1
1501,Sal y Limon,1,1
1403,Rainbow Butterfly,1,1
1502,Sala Thai,1,1
1503,Salam Bombay,1,1
1402,Raglan’s Bistro,1,1
1414,Ramen Takanotsume,1,1
1416,Raviolino,1,1
1480,Ryuu Izakaya,1,1
1486,SMK Smokery + Bar,1,1
1425,Restaurant Yugo,1,1
1424,Restaurant 62,1,1
1423,Rendezvous Restaurant Mt Lehman,1,1
1481,S&L,1,1
1482,S&W Pepper House,1,1
1483,S+L Kitchen & Bar,1,1
1422,Redbud Restaurant,1,1
1484,S2 Cafe House,1,1
1485,SMAK,1,1
1487,SUSHI SAMA,1,1
1493,Saffron Indian Cuisine,1,1
1488,Sabai Thai Restaurant,1,1
1421,Red Umbrella Cafe,1,1
1420,Red Tuna,1,1
1489,Sabra Kosher Bakery & Restaurant,1,1
1490,Sadies Lunchworks,1,1
1419,Red Star Seafood Restaurant,1,1
1491,Safari Grill,1,1
1492,Safari Snack House,1,1
1417,Red Ginger,1,1
0,0755 Restaurant & Lounge,1,1
1311,Pho Hue,1,1
1349,Pita Pit,1,1
1162,Neptune BBQ House,1,1
1178,Newton Beef Noodle,1,1
1177,New Town Bakery & Restaurant,1,1
1176,New Town Bakery,1,1
1175,New Saigon Vietnamese Cuisine,1,1
1174,New Ruby Restaurant,1,1
1173,New Passage To India,1,1
1172,New Novelty Restaurant,1,1
1171,New Mitzie's Restaurant,1,1
1170,New Mandarin Seafood Restaurant,1,1
1169,New Bhaia Sweet Shop and Restaurant,1,1
1168,Nero Belgian Waffle Bar,1,1
1164,Neptune Club Sports Bar & Grill,1,1
1161,Nelly's Grill,1,1
1180,Nice Cafe,1,1
1160,Nektar's Pizza and Greek food,1,1
1159,Naruto Sushi,1,1
1158,Narita Sushi,1,1
1157,Napoletana,1,1
1156,Nandos Chicken,1,1
1155,Nando's Chicken,1,1
1153,Namoo Sushi,1,1
1152,Nammos Estiatorio,1,1
1151,Nam San,1,1
1150,Nam Nam Noodle,1,1
1149,Naka Bistro Lao & Thai Cuisine,1,1
1148,Nahm Thai Bistro,1,1
1179,Nha Trang Restaurant,1,1
1181,Nicolelina's Cafe,1,1
1146,Nabebugyo Hot Pot Cuisine,1,1
1199,North Burnaby Wonton House,1,1
1213,Octopus Garden,1,1
1212,Ocean Village Seafood Restaurant,1,1
1211,Ocean Park Pizza & Steakhouse,1,1
1210,Ocean Park Pizza & Steak house,1,1
1209,Ocean Park Pizza,1,1
1208,Oca Pastificio,1,1
1207,O'Neills Home Cooking,1,1
1204,Nu Sushi Bar,1,1
1203,Nozomi Sushi,1,1
1202,Novo Pizzeria & Winery,1,1
1201,Notch8,1,1
1200,Northern Style Chinese Restaurant,1,1
1198,Nori,1,1
1182,Nightingale,1,1
1197,Nordel Sushi,1,1
1196,Nordel Pan Pizza & Chaat House,1,1
1195,Nook Restaurant,1,1
1192,Noodle Road,1,1
1191,Nobu,1,1
1190,No. 9 Restaurant,1,1
1189,No. 1 Beef Noodle,1,1
1188,Nishiki Sushi Bar,1,1
1187,Nishi Restaurant,1,1
1186,Nirvana Restaurant,1,1
1185,Ninkazu Japanese Restaurant,1,1
1184,Nikkyu Japanese Restaurant,1,1
1147,Nagano Sushi,1,1
1145,Na-Re Korean Kitchen,1,1
1348,Pink Peppercorn Seafood House,1,1
1098,Minerva,1,1
1110,Miyako Sushi,1,1
1109,Miyagi Sushi,1,1
1108,Mixxbao Taiwanese Fusion,1,1
1107,Mission Junction Sushi,1,1
1106,Mission Hills Sushi,1,1
1105,Mirchi,1,1
1104,Mirch Masala,1,1
1103,Mirai Sushi,1,1
1102,Mio Japan,1,1
1101,Minori Sushi,1,1
1100,Minoas Greek Taverna,1,1
1099,Ming & Sing Chinese Express,1,1
1097,Minato Japanese Restaurant,1,1
1112,Moby Dick,1,1
1096,Minami Yaletown,1,1
1095,Milssam Tacorea,1,1
1094,Milkcow Cafe,1,1
1093,Milk & Sugar BBQ Bar,1,1
1091,Miku,1,1
1090,Miko Sushi,1,1
1089,Migoto sushi,1,1
1088,Midori Japanese Restaurant,1,1
1087,Midam Cafe,1,1
1086,Midam,1,1
1085,Michi Craft Kitchen,1,1
1084,Mi Casa Mexicana,1,1
1111,MoMo Sushi,1,1
1113,Moki's Pizza,1,1
1144,NY's Indian Grill & Bar,1,1
1130,Mr. Japanese Curry,1,1
1143,N.S.C.S. Discovery Café,1,1
1142,My Chau Restaurant,1,1
1141,My BBQ Hut,1,1
1140,Murasaki,1,1
1139,Mumbai Masala,1,1
1138,Mumbai Local,1,1
1137,Mui Ngo Gai,1,1
1136,Mui Kee Chicken Pot,1,1
1134,Mucho Burrito,1,1
1133,Mt. Fuji,1,1
1132,Mr. Tonkatsu,1,1
1131,Mr. Pei Restaurant,1,1
1129,Mr Pickwick's Fish & Chips,1,1
1114,Moltaqa,1,1
1128,Mr Mikes Steakhouse & Bar,1,1
1127,Mr India Meats & Restaurant,1,1
1126,Moxies Bar & Grill,1,1
1125,Moxie's Grill Bar,1,1
1124,Moxie's Grill & Bar,1,1
1123,Motomachi Shokudo,1,1
1122,Morak Korean Restaurant,1,1
1121,Moon Sushi,1,1
1120,Montgomery's Cottage Lunch,1,1
1119,Montanas Cookhouse,1,1
1117,Mongo Bongo Mongolian Grill,1,1
1115,Momiji Japanese Cuisine,1,1
1214,Oeb Breakfast Co.,1,1
1215,Oh! Zzhu Sam Korean Restaurant,1,1
1216,Oka-San Kitchen,1,1
1302,Pho Edmonds,1,1
1315,Pho Khanh,1,1
1314,Pho Khang,1,1
1312,Pho Hung,1,1
1542,Sfinaki Greek Taverna,1,1
1310,Pho Hong Restaurant,1,1
1309,Pho Hong,1,1
1308,Pho Hoa Noodle Soup,1,1
1307,Pho Haven,1,1
1306,Pho Han Restaurant,1,1
1305,Pho Goodness,1,1
1304,Pho Garden,1,1
1303,Pho Express,1,1
1301,Pho Duy Vietnamese Restaurant,1,1
1317,Pho Long Restaurant,1,1
1300,Pho Chung Nam Restaurant,1,1
1299,Pho Century Fine Vietnamese Cuisine,1,1
1298,Pho Central,1,1
1297,Pho An Nam,1,1
1296,Pho Abbotsford #1,1,1
1295,Pho 99 Vietnamese Noodle House,1,1
1292,Pho 51,1,1
1290,Pho 24 Express,1,1
1289,Pho,1,1
1288,Phnom Penh Restaurant,1,1
1287,Per Se Social Corner,1,1
1286,Pepperoni Cafe,1,1
1316,Pho Lan Beef Noodle Soup,1,1
1318,Pho Noodle House,1,1
1217,Okonomi Sushi,1,1
1334,Phoenix Garden,1,1
1347,Pink Elephant Thai Restaurant,1,1
1346,Pink Elephant Thai,1,1
1345,Pinch of Spice,1,1
1344,Pierre's,1,1
1343,Pier 73,1,1
1342,Pidgin,1,1
1341,Phở Tâm,1,1
1340,Phở Thái Hóa,1,1
1338,Phở Don,1,1
1337,Phở 99 Vietnamese Noodle House,1,1
1336,Phở 19 Vietnamese Bistro,1,1
1335,Phơ Boi,1,1
1333,Pho98,1,1
1319,Pho Pho You,1,1
1332,Pho d'lite,1,1
1331,Pho Xe Lua 24,1,1
1330,Pho Viet City,1,1
1329,Pho Toan Thang,1,1
1328,Pho Thai Son Restaurant,1,1
1327,Pho Thai Ha,1,1
1325,Pho Tan Restaurant,1,1
1324,Pho Stanley,1,1
1323,Pho Saigon,1,1
1322,Pho Quynh Express,1,1
1321,Pho Pink Lotus,1,1
1320,Pho Phuong Hong Vietnamese Restaurant,1,1
1284,Peninsula Seafood Restaurant,1,1
1283,Penang Szechuan Restaurant,1,1
1282,Penang Bistro,1,1
1231,Ono's Sushi,1,1
1246,PHO TRAN,1,1
1245,P2P,1,1
1244,Oyster Express,1,1
1243,Osteria Savio Volpe,1,1
1242,Osteria Autostrada,1,1
1240,Orrange Kitchen + Bar,1,1
1239,Origo Club,1,1
1238,Original Tandoori Kitchen,1,1
1235,Oriental Village,1,1
1234,Oriental Rice Noodle,1,1
1233,Orange Corner,1,1
1232,Orange Blossom Chinese Food,1,1
1230,Once Upon @ Thai,1,1
1281,Pelican Seafood Restaurant,1,1
1229,On Yogurt,1,1
1228,On On Wonton House,1,1
1227,On May Chinese Restaurant,1,1
1226,On Lok Restaurant & Wun Tun House,1,1
1225,Olympia Pizza,1,1
1224,Olive Garden,1,1
1223,Olive & Anchor,1,1
1222,Ole Ole Mexican Deli,1,1
1221,Old Yale Bistro,1,1
1220,Old Street,1,1
1219,Old Bird,1,1
1218,Old Beijing Roast Duck,1,1
1247,Pacific Plaza Food Court,1,1
1249,Pacifico,1,1
1250,Pad Thai Restaurant,1,1
1251,Palermo Cucina,1,1
1280,Peckinpah,1,1
1279,Pearl Hot Pot,1,1
1276,Pawans Indian Kitchen,1,1
1275,Paulies Kitchen,1,1
1274,Paul's Restaurant,1,1
1273,Patterson Wonton House,1,1
1272,Patna Sweets & Chat,1,1
1271,Patisserie Fur Elise,1,1
1270,Pastameli,1,1
1268,Parmeshar Sweet Shop & Restaurant,1,1
1267,Paramount BBQ Restaurant,1,1
1266,Pappa Leo's Pizza,1,1
1265,Pappa Leo's,1,1
1264,Papi's Seafood and Oyster Bar,1,1
1263,Papa Greek,1,1
1262,Papa Goose Rice Noodle Restaurant,1,1
1261,Papa Daves Pizza,1,1
1260,Panos,1,1
1259,Panang Delight Cafe at Marpole,1,1
1257,Panago,1,1
1256,Pamir Diner Afghan Cuisine,1,1
1255,Palmyra Mediterranean Grill,1,1
1254,Pallas Athena Greek Kousina,1,1
1253,Palki Indian,1,1
1252,Paliotti's,1,1
1541,Seto Japanese Restaurant,1,1
1590,So Hyang Korean Cuisine,1,1
1543,Shabusen,1,1
1913,Top Cantonese Cuisine Restaurant,1,1
1911,Tony's Fish and Oyster Café,1,1
1910,Tong Fei,1,1
1909,Tomo Sushi,1,1
1908,Tom Sushi,1,1
1907,Tom Khao Thai Cuisine,1,1
1906,Tokyo John,1,1
1904,Tokyo Garden,1,1
1903,Toku Japanese Restaurant,1,1
1902,Tojos,1,1
1900,Todak Todak Restaurant,1,1
1899,Todai Sushi,1,1
1898,Toby's Pub & Grill,1,1
1897,Tobiko Sushi,1,1
1896,Tiny Kitchen,1,1
1895,Tino's Pizza,1,1
1894,Timber,1,1
1893,Tilbury Cafe,1,1
1892,Tian Shi Fu Restaurant/Sharetea,1,1
1890,Thong La's Restaurant,1,1
1889,Thida Thai,1,1
1888,Their There,1,1
1887,The Workshop Vegetarian Cafe,1,1
1886,The Wee Chippie Fish & Chips,1,1
1885,The Wallflower,1,1
1884,The Village Table,1,1
1883,The Viet Noodle Guy,1,1
1882,The Vancouver Fish Company,1,1
1912,Tony's Place Restaurant,1,1
1914,Top In Town Pizza,1,1
1880,The Tipper,1,1
1915,Top King's Restaurant & Cafe,1,1
1947,Two Stones Grill,1,1
1946,Twisted Fork Bistro,1,1
1945,Twin Bridges Restaurant,1,1
1944,Tuscany Pizza,1,1
1942,Tuc Craft Kitchen,1,1
1941,Tsukiji Japanese Restaurant,1,1
1940,Tsuki Sushi Bar,1,1
1939,Tsujiri,1,1
1938,Tsim Chai Noodles,1,1
1937,Truong Thanh,1,1
1936,True Confections,1,1
1935,Truck Stop Cafe,1,1
1934,Tropika,1,1
1933,Troll's,1,1
1932,Trocadero Pizza & Steak House,1,1
1931,Triple-O's,1,1
1928,Trilussa Pizza & Pane,1,1
1927,Tri's Restaurant,1,1
1926,Tri Family Place,1,1
1925,Trees Organic,1,1
1924,Trattoria,1,1
1923,Trafalgars Bistro,1,1
1920,Tour de Feast,1,1
1919,Toshi,1,1
1918,Torafuku,1,1
1917,Tora Sushi,1,1
1916,Top Shanghai Cuisine Restaurant,1,1
1881,The Ugly Dumpling,1,1
1879,The Teahouse,1,1
1544,Shang Noodle House,1,1
1845,The Mexican Antojitos y Cantina,1,1
1843,The MacKenzie Room,1,1
1841,The Lion's Den Cafe,1,1
1840,The Kitchen,1,1
1839,The Keg Steakhouse + Bar Alberni Street,1,1
1838,The Keg Steakhouse + Bar - Yaletown,1,1
1837,The Keg Steakhouse + Bar - Dunsmuir Street,1,1
1834,The Jade Seafood Restaurant,1,1
1833,The Holy Crab,1,1
1832,The Hog Shack,1,1
1831,The Heritage Grill,1,1
1830,The Greek by Anatoli,1,1
1829,The Greek Gastown,1,1
1828,The Greek Corner,1,1
1827,The Great Bangkok Thai,1,1
1826,The Gray Olive Cafeteria,1,1
1825,The Galley Restaurant and Grill,1,1
1824,The Fried Chicken Works Korean,1,1
1823,The Flying Pig Gastown,1,1
1821,The Fish Man,1,1
1820,The Fish Counter,1,1
1819,The Firewood Café,1,1
1818,The Farmers Apprentice,1,1
1817,The Edge,1,1
1816,The Eatery,1,1
1815,The Dundas,1,1
1814,The Dunbar Public House,1,1
1813,The District Brasserie,1,1
1844,The Meat Up,1,1
1846,The Mexican Gourmet,1,1
1878,The TRUE'S TEA,1,1
1847,The Mongolie Grill,1,1
1877,The Surfside Grill,1,1
1876,The Stable House Bistro,1,1
1875,The Spud Shack Fry Co.,1,1
1874,The Spice Route,1,1
1873,The Smoking Dog French Bistro,1,1
1872,The Shellfish Shack,1,1
1871,The Shameful Tiki Room,1,1
1870,The Sea House Fish & Chips,1,1
1869,The Sardine Can,1,1
1868,The Sandbar,1,1
1867,The Rise Eatery,1,1
1866,The Rendezvous Restaurant,1,1
1864,The Red Wagon Cafe,1,1
1863,The Real Chinese Restaurant,1,1
1862,The Ramenman,1,1
1861,The Ramen Butcher,1,1
1860,The Portly Chef,1,1
1859,The Pho'enix Diner,1,1
1858,The Pear Tree,1,1
1857,The Pawn Shop,1,1
1856,The Parlour,1,1
1855,The Park at English Bay,1,1
1853,The One,1,1
1851,The Oakwood,1,1
1850,The Noodle Box,1,1
1849,The Naam,1,1
1848,The Moose,1,1
1948,U & I Thai,1,1
1949,UR Restaurant,1,1
1950,Ukrainian Village Restaurant,1,1
2052,Yuji's from Japan,1,1
2050,Yue Ting Seafood Restaurant,1,1
2049,Yue Restaurant,1,1
2048,Yuan's Shanghai Serendipity Cuisine,1,1
2047,Yu Xiang Yuan Restaurant,1,1
2046,Yu Ki BBQ Kitchen,1,1
2045,Yook Korean Grilled BBQ and Bistro,1,1
2043,Yokozna Sushi,1,1
2042,Yokohama Teppanyaki & Sushi Bar,1,1
2041,Yoko Sushi,1,1
2040,Yianni's Greek Taverna,1,1
2039,Yangmara,1,1
2038,Yanaki Sushi,1,1
2037,Yan's Garden,1,1
2036,Yama Sushi,1,1
2035,Yaletown Brewing Company,1,1
2034,Yah-Yah-Ya,1,1
2033,Yaguchiya Ramen,1,1
2032,Yagoto Sushi Dining,1,1
2031,Yaas Grill House,1,1
2030,Yaas,1,1
2029,Y2 Cafe,1,1
2028,Y Sushi,1,1
2027,Xiaolongkan Hot Pot,1,1
2026,Xiao Jun Meat Skewers,1,1
2024,Woo Korean BBQ,1,1
2023,Wong's Chinese Seafood Restaurant,1,1
2022,Woking Dragon China Bistro,1,1
2051,Yui Japanese Bistro,1,1
2053,Yummy Donair & Kebab,1,1
1951,Uli's Restaurant,1,1
2054,Yummy Fat's,1,1
2083,trattoria Burnaby,1,1
2082,nuba,1,1
2081,nine downtown kitchen lounge,1,1
2080,miss KOREAN BBQ,1,1
2079,milestones,1,1
2078,iki Japanese Bistro,1,1
2077,i-Cafe,1,1
2076,gm Restaurant,1,1
2075,ebisu sushi,1,1
2074,djjs,1,1
2073,deluxe,1,1
2072,delhi6 Indian Bistro,1,1
2071,Zythos Greek Restaurant,1,1
2070,Zythos,1,1
2069,Zugba Flame Grilled Chicken,1,1
2068,Zest Japanese Cuisine,1,1
2067,Zend Conscious Lounge,1,1
2066,Zen Japanese Restaurant,1,1
2064,Zefferelli's Spaghetti Joint,1,1
2063,Zapoteca Mexican Grill & Seafood,1,1
2062,Zamzam Grill,1,1
2061,Zakkushi Dining on Main,1,1
2060,Zakkushi,1,1
2058,ZUBU Ramen Bar,1,1
2057,Z&Y Shanghai Cuisine,1,1
2056,Z&W Shanghai Kitchen,1,1
2055,Yuu Japanese Tapas,1,1
2020,Wo Fung Noodle Express,1,1
2019,Wings on Kingsway,1,1
2017,Wing Kee Restaurant,1,1
2016,Wildebeest,1,1
1982,Vina,1,1
1979,Vietnam House,1,1
1978,Viet Mama Cafe,1,1
1977,Viet House,1,1
1976,Viet Flavour Restaurant,1,1
1975,Victoria Sushi,1,1
1974,Victoria Restaurant,1,1
1973,Victoria Chinese Restaurant,1,1
1972,Vi La Palace,1,1
1970,Venetis Restaurant,1,1
1969,Veggie Bowl,1,1
1968,Vegan Pizza House,1,1
1967,Vassillis Souvlaki Greek Taverna,1,1
1966,Varadero Cafe,1,1
1965,Van Thai Restaurant,1,1
1964,Van Dragon Seafood Restaurant,1,1
1963,Valley Sushi,1,1
1962,Vallarta's Mexican Restaurant,1,1
1961,Vaades,1,1
1960,V-Nam,1,1
1959,V Cafe,1,1
1958,Urban Thai Bistro,1,1
1957,Uncle Willy's,1,1
1956,Uncle Lu Restaurant,1,1
1955,Uncle Buck's,1,1
1954,Umeda Japanese Cuisine,1,1
1952,Uma Sushi,1,1
1984,Viva Mexico Restaurant Grill & Cantina,1,1
1985,Viva Sushi Bar,1,1
1986,Volcano Sushi & Grill,1,1
2001,West Beach Bar & Grill,1,1
2015,WildTale Olympic Village,1,1
2014,Wild Wing,1,1
2012,Wild Sushi,1,1
2011,Wild Rice,1,1
2010,White Spot Triple-O's,1,1
2009,White Spot Abbotsford (Whatcom),1,1
2007,What's Up? Hot Dog!,1,1
2006,What The Pho,1,1
2005,Westward Ho,1,1
2004,Westview Oriental,1,1
2003,Western Lake,1,1
2002,West Oak,1,1
2000,Well Tea,1,1
1987,Vy's Pho,1,1
1999,Weirdo Cafe,1,1
1998,Water Street Cafe,1,1
1997,Washington Avenue Grill,1,1
1996,Wasabi,1,1
1995,Wang's Taiwan Beef Noodle House,1,1
1994,Wang's Shanghai Cuisine,1,1
1993,Wang Shun Ge Restaurant,1,1
1992,Waka Sushi,1,1
1991,Wai Chuan Chuan,1,1
1990,Wafflehouse Family Restaurant,1,1
1989,Waffle Gone Wild,1,1
1988,WINGS Tap and Grill,1,1
1812,The Diner,1,1
1811,The Dime,1,1
1810,The Deluxe Chinese Restaurant,1,1
1637,Sui Sha Ya Japanese Restaurant,1,1
1635,Subway,1,1
1634,Su Hang Restaurant,1,1
1633,Stuffies Pastries Cafe,1,1
1632,Strike,1,1
1631,Straight Outta Brooklyn NYC Pizzeria,1,1
1630,Straight Outta Brooklyn NYC Pizza,1,1
1629,Storeys Cafe,1,1
1628,Stong's Replenish Cafe,1,1
1627,Steveston Seafood House,1,1
1626,Steveston Pizza Co.,1,1
1625,Steve's Poké Bar,1,1
1624,Stepho's Greek Restaurant,1,1
1623,Stepho's,1,1
1622,Stem,1,1
1621,Star Lake Chinese Restaurant,1,1
1620,Stanley's Sports Bar and Grill,1,1
1619,Stanley's Bar and Grill,1,1
1618,Stan's Pizza Joint,1,1
1617,Stack House,1,1
1616,St. Regis Bar & Grill,1,1
1615,St Lawrence Restaurant,1,1
1614,Sprezzatura,1,1
1613,Spoon Kitchen,1,1
1612,Spicy House,1,1
1611,Spicy Ginger Kitchen,1,1
1610,Spicy Bowl,1,1
1609,Spicy 6,1,1
1636,Sugar Lab,1,1
1638,Suika Japanese Restaurant,1,1
1672,Sushi Hub,1,1
1639,Sun Bo Kong Vegetarian Restaurant,1,1
1669,Sushi Heaven,1,1
1668,Sushi Hachi,1,1
1667,Sushi HANABI,1,1
1666,Sushi Giwa,1,1
1665,Sushi Gio Japanese Restaurant,1,1
1663,Sushi Gallery,1,1
1662,Sushi Castle,1,1
1660,Sushi Cafe,1,1
1659,Sushi Bros,1,1
1658,Sushi Boss,1,1
1657,Sushi Bella,1,1
1656,Sushi Bar Shyun,1,1
1655,Sushi Bar Shu,1,1
1654,Sushi Bar Maumi,1,1
1653,Sushi Bar Kilala,1,1
1652,Sushi Avenue,1,1
1651,Sushi Aji,1,1
1650,Sushi 990,1,1
1649,Sushi 7 Japanese Bar & Grill,1,1
1648,Sushi & Roll,1,1
1647,Sura Korean,1,1
1646,Super Stars Cafe,1,1
1645,Super Pho,1,1
1644,Sunshine Classic Diner,1,1
1643,Sunrise Pizza,1,1
1642,Sunny Dragon,1,1
1641,Sun Sushi,1,1
1608,Spice of Punjab,1,1
1607,Spice Kitchen The Indian Palette,1,1
1606,Spice 72 Indian Bistro and Lounge,1,1
1605,Specialty Chicken & Wonton House,1,1
1573,Simply Pho,1,1
1572,Simpatico,1,1
1571,Simmer Huang,1,1
1570,Silver Tower Cafe Restaurant,1,1
1569,Silver House Restaurant,1,1
1567,Siddhartha's Indian Kitchen,1,1
1566,Shun Xin Restaurant,1,1
1565,Shun Feng Seafood Restaurant,1,1
1564,Shun Fa Noodle House,1,1
1563,Showcase Restaurant & Bar,1,1
1562,Shoom Restaurant,1,1
1561,Shogun,1,1
1559,Shiro Japanese Restaurant,1,1
1558,Shiok Singaporean Cuisine,1,1
1557,Shinjuku Japanese Cuisine,1,1
1556,Shin Ka Gyuu,1,1
1555,Shin Ju,1,1
1554,Shima-Ya,1,1
1553,Shiang Garden Seafood Restaurant,1,1
1552,Shi Zen ha,1,1
1551,Shawliz,1,1
1550,Shaughnessy Restaurant,1,1
1549,Shanghai Wonderful Restaurant,1,1
1548,Shanghai Village,1,1
1547,Shanghai River,1,1
1546,Shanghai Lu Restaurant,1,1
1545,Shanghai 'Elan Restaurant,1,1
1574,Simply Thai,1,1
1575,Sing Kee Restaurant,1,1
1576,Sing Yee Chinese Restaurant,1,1
1591,Sockeye City Grill,1,1
1604,Spade,1,1
1603,Spacca Napoli,1,1
1602,South Castle Korean Restaurant,1,1
1600,Sophies Cosmic Cafe,1,1
1599,Sooda Korean BBQ,1,1
1598,Song Huong Vietnamese Restaurant,1,1
1597,Song Huong,1,1
1596,Soly's Pizza,1,1
1595,Soil Restaurant,1,1
1594,Soho Tea Room,1,1
1593,Sofra Mediterranean Kitchen,1,1
1592,Socrates Grill,1,1
1082,Mexicali,1,1
1577,Sitar,1,1
1589,So Crab So Good Seafood Restaurant & Bar,1,1
1588,Snowy Village,1,1
1587,Snackshot,1,1
1586,Snack shack,1,1
1585,Smokehouse Sandwich Co.,1,1
1584,Smoke and Bones,1,1
1583,Smithe Salad,1,1
1582,Smak,1,1
1581,Slocan Family Restaurant,1,1
1580,Skylight Restaurant,1,1
1579,Skyhawk Restaurant,1,1
1578,Sky Dragon,1,1
1670,Sushi Hiyori,1,1
1673,Sushi Inn,1,1
1809,The Crab Shop,1,1
1771,Tequila Cocina Cantina & Traditional Mexican Eatery,1,1
1769,Templeton's,1,1
1768,Temaki Sushi,1,1
1767,Taza Falafel Zone,1,1
1766,Taverna Gorgona,1,1
1765,Tavern,1,1
1764,Tatsu Japanese Bistro,1,1
1762,Taste of Thai,1,1
1761,Taste Of Punjab,1,1
1760,Taqueria Playa Tropical,1,1
1759,Tap & Barrel,1,1
1758,Tangent Cafe,1,1
1757,Tandoori Palace,1,1
1756,Tandoori Kona,1,1
1755,Tandoori Fusion,1,1
1754,Tandoori Flame,1,1
1753,Talay Thai Restaurant,1,1
1752,Takumi Japanese Restaurant,1,1
1751,Taki's Taverna,1,1
1750,Takeya Sushi,1,1
1749,Take Sushi,1,1
1748,Taka's Sushi,1,1
1747,Taiwan Taipei Original Pot,1,1
1746,Taishoken,1,1
1745,Tai Tung,1,1
1744,Tae Yang Gak,1,1
1743,Tacos & Cantina,1,1
1742,Tacomio,1,1
1770,Ten Ten Tapas,1,1
1772,TeraVBurger,1,1
1674,Sushi Itoga,1,1
1773,TerraCotta Boyz,1,1
1808,The Crab King Restaurant,1,1
1806,The Cheshire Cheese Inn,1,1
1805,The Charles Bar,1,1
1802,The Cafe,1,1
1801,The Butcher & Bullock,1,1
1799,The Boss Restaurant,1,1
1798,The Boss Bakery & Restaurant,1,1
1796,The Boathouse,1,1
1795,The Blind Sparrow,1,1
1794,The BlackBerry Kitchen,1,1
1793,The Black Lodge,1,1
1792,The Birds & The Beets,1,1
1791,The Bedford House,1,1
1790,The Barley Merchant,1,1
1789,The Arbor,1,1
1788,The Acorn,1,1
1787,That Place 4 Pasta & Pizza,1,1
1786,Thanh Thanh,1,1
1785,Thailicious,1,1
1784,Thai's Saigon Bistro,1,1
1783,Thai by Thai,1,1
1781,Thai Son,1,1
1780,Thai New West,1,1
1779,Thai House Restaurant,1,1
1778,Thai Cafe,1,1
1777,Thai Box2Go,1,1
1774,Tetsu Sushi Bar,1,1
1741,Tacofino Ocho,1,1
1740,Tacofino Commissary,1,1
1738,Tableau,1,1
1737,Table153,1,1
1706,Sushi Town,1,1
1705,Sushi TonTon,1,1
1704,Sushi Tengu,1,1
1703,Sushi Te,1,1
1702,Sushi Tang,1,1
1701,Sushi Tamaru,1,1
1700,Sushi Taku,1,1
1699,Sushi Star,1,1
1698,Sushi S,1,1
1697,Sushi Parlor Japanese restaurant,1,1
1695,Sushi Nova,1,1
1694,Sushi Nine,1,1
1693,Sushi Nara,1,1
1692,Sushi Nanaimo,1,1
1690,Sushi Mugen,1,1
1688,Sushi Moon,1,1
1687,Sushi Misoya,1,1
1686,Sushi Mate,1,1
1685,Sushi Maro,1,1
1683,Sushi Man,1,1
1682,Sushi Main,1,1
1681,Sushi Loku,1,1
1680,Sushi Line,1,1
1679,Sushi Koharu,1,1
1677,Sushi King George,1,1
1676,Sushi King,1,1
1675,Sushi Katsu,1,1
1707,Sushi Train,1,1
1708,Sushi UMI,1,1
1709,Sushi UOmo,1,1
1724,SushiHolic,1,1
1736,Ta-Ke Don,1,1
1735,Szechuan Zeng's Restaurant,1,1
1734,Szechuan House Restaurant,1,1
1733,Szechuan Cuisine,1,1
1732,Szechuan Chili Restaurant,1,1
1731,Symphonie,1,1
1730,Swiss Chalet,1,1
1729,Swad Indian Kitchen,1,1
1728,Sushiwa,1,1
1727,Sushiteria & Catering,1,1
1726,Sushimoto,1,1
1725,Sushiholic,1,1
1723,SushiGo,1,1
1710,Sushi Umibe,1,1
1722,SushiCo Japanese Restaurant,1,1
1721,Sushi by Yuji,1,1
1720,Sushi Zen,1,1
1719,Sushi Yoi,1,1
1718,Sushi Yen,1,1
1717,Sushi Yan,1,1
1716,Sushi Yamato,1,1
1715,Sushi Yama,1,1
1714,Sushi Wow,1,1
1713,Sushi Ville,1,1
1712,Sushi Village,1,1
1711,Sushi Van,1,1
1083,Mezbaan Indian & Indo Chinese Food,1,1
1042,Maru Korean Bistro,1,1
1081,Mercante,1,1
357,Cosy Inn Cafe,1,1
370,D-House Restaurant,1,1
369,Curry Time Indian Cuisine,1,1
368,Cuhillo,1,1
367,Crêpe & Café,1,1
366,Crystal Palace,1,1
365,Crispy Falafel,1,1
364,Crispy,1,1
363,Creme De La Crumb,1,1
362,Creekside Grill,1,1
361,Creating Taste,1,1
360,Cravings Restaurant and Sports Bar,1,1
359,Cozmos Cafe + Bistro,1,1
358,Cove Sushi,1,1
356,Cosmos Greek Restaurant,1,1
339,Columbia Street Sandwich Company,1,1
355,Corona's Mexican Restaurant,1,1
354,Corner 23,1,1
353,Cora Breakfast and Lunch,1,1
351,Cor's 2 For 1 Pizza,1,1
350,Coquitlam Grill,1,1
349,Copper Chimney,1,1
347,Cool Chinese Restaurant,1,1
346,Continental Seafood Restaurant,1,1
345,Connie's Cook House,1,1
344,Congee Noodle King,1,1
343,Como Taperia,1,1
342,Commercial Sushi,1,1
341,Come Along Seafood Restaurant,1,1
371,DD Mau Chinatown,1,1
372,DDDN Pan Pizza,1,1
373,DK Chicken,1,1
374,DONI Korean Restaurant,1,1
405,Deepwater Micro Eatery,1,1
404,Deep Cove Pizza,1,1
403,Deep Cove Osaka,1,1
401,DeDutch,1,1
398,Ddoo Gau Bee,1,1
397,Days Thai,1,1
396,Davie Dosa Company,1,1
395,Dave's Fish and Chips,1,1
394,Dasarang Chicken,1,1
393,Dark Table,1,1
392,Danny's Wun Tun Restaurant,1,1
391,Damso Restaurant,1,1
390,Damso,1,1
389,Damien's Belgian Waffles,1,1
388,Dal's Poke,1,1
387,Dake Sushi Japanese Restaurant,1,1
386,Daikichi Sushi,1,1
385,Dai Tung,1,1
384,Dai Jang Kum,1,1
383,Daenamoo,1,1
382,Dae-ji,1,1
380,Dae Ji Cutlet House,1,1
379,Dae Ji,1,1
378,Dae Bak Bon Ga,1,1
377,Daddy's Kitchen,1,1
376,Daddy's Delight Kabobs,1,1
375,Dachi,1,1
340,Com Vietnamese,1,1
338,Colour See See Shanghainese Cuisine,1,1
271,Chad Thai Restaurant,1,1
288,Chengdu Noodle House,1,1
301,Chilli Lee Szechuan Cuisine,1,1
300,Chili Pepper House,1,1
299,Chili House Restaurant,1,1
298,Chihuahua's,1,1
297,Chickpea Restaurant,1,1
296,Chicko Chicken,1,1
295,Chi Noodle Bar,1,1
294,Chi House,1,1
293,Chewies,1,1
292,Chettinad Dosa Palace,1,1
291,Cherry's Food House,1,1
290,Chengdu Xiao Chi Restaurant,1,1
289,Chengdu Spicy Restaurant,1,1
287,Chef's Kitchen,1,1
337,Colosseum Pizza,1,1
286,Chef Tony Seafood Restaurant,1,1
285,Chef Sushi Restaurant,1,1
284,Chef Pin,1,1
283,Chef Hung Taiwanese Noodle,1,1
281,Chef Hung,1,1
280,Cheesecake etc.,1,1
279,Chau Veggie Express,1,1
278,Charqui Grill,1,1
277,Charlie's Little Italian,1,1
276,Char 631 Steakhouse,1,1
275,Chang'an,1,1
274,Chamnamoo Korean Restaurant,1,1
273,Chameleon,1,1
302,China Bowl Restaurant,1,1
303,China House Seafood Restaurant,1,1
305,Chinese Sauerkraut Fish,1,1
306,Cho Sun Korean BBQ,1,1
335,Colleen's Cafe,1,1
334,Cocoru,1,1
333,Cockney Kings Fish & Chips,1,1
332,Cockney Kings,1,1
331,Coast & Country Diner,1,1
330,Clubhouse Japanese Restaurant,1,1
329,Club Ilia,1,1
328,Claypot Hot Pot and BBQ,1,1
327,City 1 cafe,1,1
326,Cioppino's Mediterranean Grill,1,1
325,Cindy's,1,1
324,Cinch Grill Italian,1,1
323,Cimona,1,1
322,Cilantro Indian Cuisine,1,1
321,Cibo Trattora,1,1
320,Ciao Bella Restaurant,1,1
319,Chutneys Indian Grill,1,1
318,Chutney Villa,1,1
317,Chuck E. Cheese's,1,1
316,Chuan Dong,1,1
315,Chuan BBQ Restaurant,1,1
314,Chronic Tacos,1,1
312,Chop Steakhouse Bar,1,1
311,Chongqing Qing Qin-Ma Hot Pot Restaurant,1,1
309,Chomp Vegan Eatery,1,1
308,Choice Pizza 2 for 1,1,1
307,Choco Coo Cafe,1,1
407,Deer Lake Wonton House,1,1
409,Deluxe Noodle House,1,1
411,Dentry's Irish Grill,1,1
496,Fanny Bay Oyster Bar,1,1
510,Fish & Chips,1,1
509,Firecrust Neapolitan Pizzeria,1,1
508,Firecrust Custom Salads + Pizzas,1,1
507,Fiore,1,1
506,Field & Social,1,1
505,Fets Whisky Kitchen,1,1
504,Felicos Restaurant,1,1
503,Federico's Supper Club,1,1
502,Fatty Cow Seafood Hot Pot,1,1
500,Fat Mao Noodles,1,1
499,Fat Burger,1,1
498,Fassil Ethiopian Restaurant,1,1
497,Fantacity Karaoke,1,1
494,Famoso Napolitan Pizzeria,1,1
412,Desi Junction Lounge & Restaurant,1,1
493,Famoso,1,1
492,Falafully Good,1,1
491,Fable Diner,1,1
490,Fab Burgers Inc.,1,1
489,FATBURGER,1,1
488,Excellent Dim Sum King Restaurant,1,1
487,Epic Grill Silogs,1,1
486,Enjoy Cafe 1+1,1,1
485,Enigma Urban Eatery & Bar,1,1
484,Empire Seafood Restaurant,1,1
483,Empire Garden Chinese Restaurant,1,1
482,Emperor's Kitchen,1,1
481,Emilio Finatti Pizzeria,1,1
511,Fishworks,1,1
512,Five,1,1
513,Five Elements,1,1
514,Fleetwood Sushi,1,1
544,Full Ramen,1,1
543,Fuku Ramen,1,1
542,Fuhao,1,1
541,FuKuRoKu Sushi Express,1,1
540,Freshsllice Pizza,1,1
536,Fresh Window Cafe,1,1
535,Fresh Restaurant & Lounge,1,1
534,Fresh Japanese Restaurant,1,1
533,Fresgo Inn,1,1
532,Fresco Pizza & Wings,1,1
531,Frenchies Diner,1,1
530,French Table Bistro,1,1
529,Frankie’s Italian Kitchen & Bar,1,1
528,Fox's Reach Pub & Grill,1,1
527,Four Olives Restaurant,1,1
526,Fortune Terrace Chinese Cuisine,1,1
525,Fortune Lamb Dining,1,1
524,Fortune House Seafood Restaurant,1,1
523,Fortitude,1,1
522,Fork N Chopstick,1,1
521,Forage,1,1
520,Foodies on Board,1,1
519,Food Court,1,1
518,Fog on the River,1,1
517,Flower & Horse In Spring,1,1
516,Floata Seafood Restaurant,1,1
515,Flip Side Desserts,1,1
480,Emelle's Westside Kitchen,1,1
479,Embers BBQ House,1,1
478,Elisa Wood-Fired Grill,1,1
444,Downtown BRGRS BEERS,1,1
442,Double DD Pizza,1,1
441,Dosa and Curry on Davie,1,1
440,Dosa Hut,1,1
439,Dosa Factory,1,1
438,DooBoo,1,1
435,Donair City Gyros,1,1
434,Donair Affair,1,1
433,Don't Argue,1,1
432,Domo Sushi,1,1
431,Domino Pizza,1,1
430,Dominion Bar & Kitchen,1,1
429,Doma Sushi,1,1
428,Dolce Gelato,1,1
427,Dolar Shop,1,1
426,Dockside,1,1
425,Dockers Family Restaurant,1,1
424,Dock Lunch,1,1
423,DoDo Sushi,1,1
422,Do Chay,1,1
421,Dining Wok Shanghai Restaurant,1,1
419,Dijon,1,1
418,Diamond sweets & restaurant,1,1
417,Diamond Buffet,1,1
416,Dharma Kitchen,1,1
415,Dharma Garden Vietnamese Vegetarian Cuisine,1,1
414,Dhaliwal Sweets & Bakery,1,1
413,Deutsches Haus Restaurant,1,1
443,Downlow Chicken Shack,1,1
445,Downtown Sushi Bar,1,1
477,Elephant & Castle,1,1
446,Dragon Crepe,1,1
476,Eleni's Greek Restaurant,1,1
475,El camino's,1,1
474,El Pulgarcito,1,1
473,El Furniture Warehouse - Granville,1,1
472,Eighties Restaurant,1,1
471,Eggspectation,1,1
470,Egg & Co.,1,1
469,Edible Canada,1,1
467,Ebi-Ten,1,1
466,Ebi Sushi,1,1
465,Eastern Pearl Seafood Restaurant,1,1
464,East is East - Main St,1,1
463,East is East,1,1
462,East One Seafood Restaurant,1,1
461,East Kitchen,1,1
460,Earls Station Square,1,1
459,Earls Kitchen + Bar,1,1
456,Eagle Creek Bar & Grill,1,1
455,Dynasty Seafood Restaurant,1,1
454,Dutch Wooden Shoe Cafe,1,1
453,Dunbar Sushi,1,1
452,Dumpling House,1,1
451,Dream Sushi,1,1
450,Dragon's Chop Suey House,1,1
449,Dragon View Chinese Cuisine,1,1
448,Dragon Group Seafood Restaurant,1,1
447,Dragon Garden,1,1
272,Chambar,1,1
270,Centro,1,1
546,G-Be Izakaya,1,1
80,Atlas Steak + Fish,1,1
93,Bacchus,1,1
92,Baba's Ukrainian Kitchen & Coffee House,1,1
91,Baba Sweets & Shivalik Restaurant,1,1
90,Baba Sweets & Restaurant,1,1
89,Ba Le Sandwich Shop,1,1
88,Ba Le Deli & Bakery,1,1
87,BJS Korean Restaurant,1,1
86,Axum Ethiopian Restaurant,1,1
85,Avi Pizza,1,1
84,Avery,1,1
83,Austin Grill,1,1
82,Au Petit Café,1,1
81,Au Comptoir,1,1
79,Assinis,1,1
63,Apna Chaat House,1,1
78,Ask for Luigi,1,1
77,Asian Spice,1,1
76,Asian Jazz,1,1
75,Ashiana Tandoori,1,1
74,Asaka Ramen/TMix Bubble Tea & Dessert Bar,1,1
72,Art Gallery Cafe,1,1
71,Arriva Ristorante,1,1
70,Aroy Thai,1,1
69,Aroma Indian Restaurant,1,1
68,Arms Reach Bistro,1,1
67,Arirang Korean Hot Pot,1,1
66,Argo Greek,1,1
65,Applause,1,1
94,Bacchus Bistro,1,1
95,Baci Ristorante,1,1
96,Baik Mi Korean Restaurant,1,1
97,Baiyulan Shanghai Cuisine,1,1
129,Beijing Hot Pot,1,1
127,Beatniks Bistro,1,1
126,Bean Banh Mi,1,1
125,Beach House Restaurant,1,1
124,Bay Moorings - Horseshoe Bay,1,1
123,Bavaria Restaurant,1,1
122,Bauhaus,1,1
120,Basil Garden Pho,1,1
119,Baru,1,1
118,Barcelos Flame Grilled Chicken,1,1
116,Barcelona Tapas Bar,1,1
115,Barcelo's Flame Grilled Chicken,1,1
114,Baoguette Vietnamese Bistro,1,1
112,Bao Chau,1,1
111,Bao Bei,1,1
110,Banzai Sushi House,1,1
109,Banshan BBQ Restaurant,1,1
108,Banh Mi Timon,1,1
107,Banh Mi Saigon,1,1
106,Bangkok Kitchen,1,1
105,Bangkok City Cafe,1,1
104,Bandidas Taqueria,1,1
103,Banana Leaf on Broadway,1,1
101,Ban Chok Dee,1,1
100,Bamboo Garden,1,1
99,Ball Breakers Billiards & Bistro,1,1
98,Balkan House Restaurant,1,1
64,Apollinia,1,1
62,Anton's Pasta Bar,1,1
269,Cazba,1,1
16,Acropol Taverna,1,1
29,Ajishou Japanese Cuisine,1,1
28,Ajisai Sushi Bar,1,1
27,Aji Kura,1,1
26,Agra Tandoori Restaurant,1,1
25,Agra Sweets & Restaurant,1,1
24,Aggarwal Sweets,1,1
23,Afuri Ramen + Dumpling,1,1
22,Afghan Turkish Cuisine,1,1
21,Afghan Kitchen,1,1
20,Afghan Horsemen Restaurant,1,1
19,Afghan Chopan Restaurant,1,1
18,Adesso,1,1
17,Addis Cafe,1,1
15,Abdul's Bbq,1,1
61,Annora Restaurant,1,1
14,ASA Sushi,1,1
13,AAA Restaurant,1,1
12,A&W Restaurant,1,1
11,A Taste of Vietnam,1,1
10,8090 Fruit Parlour,1,1
9,8 and a 1/2 Restaurant,1,1
8,75 West Coast Grill,1,1
7,6 Degrees Eatery,1,1
6,54th Ave Cafe,1,1
5,5 de mayo Mexican food,1,1
4,5 Tastes,1,1
3,4 Stones Vegetarian Cuisine,1,1
2,1827,1,1
30,Ajiya Sushi,1,1
31,Akane Japanese Restaurant,1,1
32,Akaska,1,1
33,Akedo Showten Ramen+Gyoza,1,1
60,Anne Maries Cafe,1,1
59,Annalena,1,1
58,Anh And Chi,1,1
57,Angkor Restaurant,1,1
56,Angelina's Restaurant,1,1
55,Angel Cafe,1,1
54,Andiamo's Pizza & Pasta House,1,1
53,Andamiro Korean Bistro,1,1
52,Ancora,1,1
51,Anatoli Souvlaki,1,1
50,An Indian Affair,1,1
49,Amigo Restaurant,1,1
48,Amici Restaurant,1,1
47,Amay's House,1,1
46,Alvin Garden,1,1
45,Alphabet City,1,1
44,Alpha,1,1
43,All India Sweets & Restaurant,1,1
42,All About Pho,1,1
41,Ali Shan,1,1
40,Ali & Baba,1,1
39,Aleph,1,1
38,Aldergrove Indian Bistro,1,1
37,Alberello Pizzeria,1,1
36,Aladdin Cafe,1,1
35,Al Basha,1,1
34,Akira,1,1
130,Beijing Noodle House,1,1
131,Belgard Kitchen,1,1
132,Belgian Fries,1,1
220,Burdock & Co,1,1
235,COAST Restaurant,1,1
234,CHARLIE don't SURF,1,1
233,CCTV Chinese Restaurant,1,1
231,C-Lovers,1,1
230,C&U Vietnamese Restaurant,1,1
229,C Lovers,1,1
228,C - Lovers,1,1
227,Bánh Mì Très Bon,1,1
226,Butchers Block BBQ,1,1
225,Busy Noodle,1,1
224,Burnaby Palace Restaurant,1,1
223,Burgoo Bistro,1,1
221,Burger Heaven,1,1
219,Bun and Me,1,1
133,Bells And Whistles,1,1
218,Bun Cha Ca Hoang Yen,1,1
217,Bull King BBQ,1,1
216,Buffet,1,1
213,Bucky's West Coast Pizzeria,1,1
212,Bubble World Restaurant,1,1
209,Bubble 88,1,1
208,"Browns Socialhouse McCallum, Abbotsford",1,1
205,Browns Crafthouse,1,1
204,Brownies Chicken & Seafood,1,1
203,Brown's Socialhouse Semiahmoo,1,1
202,Brown's Socialhouse Lynn Valley,1,1
201,Brown's Socialhouse Langley Centre,1,1
200,Brown's Socialhouse,1,1
236,Cabizerra Bistro,1,1
237,Cabrito - Tapas Bebidas,1,1
238,Cacao,1,1
239,Cactus Club,1,1
268,Caveman Cafe,1,1
266,Catch 122,1,1
265,Carver's,1,1
264,Carthage Cafe,1,1
263,Cartems Donuterie,1,1
262,Carp,1,1
261,Cardero's,1,1
260,Capilano Sushi,1,1
259,Canucks Bar & Grill,1,1
258,Cantonese BBQ,1,1
257,Canteen Mitra,1,1
256,Cannibal Café,1,1
255,Campagnolo,1,1
254,Calabash,1,1
253,Café Gloucester,1,1
252,Café Crêpe,1,1
251,Café 8,1,1
250,Cafeteria,1,1
249,Cafe de l'Orangerie,1,1
248,Cafe Zen,1,1
247,Cafe Xu Hue,1,1
246,Cafe Phin Phap,1,1
245,Cafe Loyal,1,1
244,Cafe Deux Soleils,1,1
243,Cafe D'Lite,1,1
242,Cafe D'Afrique,1,1
241,Cafe Barney,1,1
199,Brown's Social House,1,1
198,Brown's,1,1
197,Brokenrice,1,1
163,Black+Blue,1,1
161,Bistro Verde,1,1
160,Bistro Sakana,1,1
159,Bishop's,1,1
158,Bing & Noodle World,1,1
157,Bin 942,1,1
156,Bin 4 Burger Lounge,1,1
155,Big chicken town ,1,1
153,Big Feast Bistro,1,1
152,Big Bang Sushi,1,1
151,Big 6,1,1
150,Biercraft,1,1
149,Bibo,1,1
148,Bibi's Kitchen,1,1
147,BiBo Italian Restaurant,1,1
146,Bhav's Indian Cuisine & Sweet Shop,1,1
145,Bharat Parmar Restaurant,1,1
144,Bestie,1,1
143,Best Sushi N Kitchen,1,1
142,Best Quality Sweets & Restaurant,1,1
141,Best Falafel,1,1
140,Best Bite Indian Cuisine,1,1
139,Bentoya,1,1
138,Bento Express,1,1
137,Bento Box,1,1
136,Benkei Ramen,1,1
135,Bengali Indian,1,1
134,Bene Sushi,1,1
162,Black Rice Izakaya,1,1
164,Blazing Flame,1,1
196,Brogan's Diner,1,1
165,Blossom Dim Sum & Grill,1,1
195,Brodeur's Bistro,1,1
194,Brock House Restaurant,1,1
193,Broadway Station Sushi,1,1
192,Brix & Mortar,1,1
191,Britianna Sushi,1,1
190,Breakfast Table,1,1
189,Branas,1,1
188,Brambles Bistro,1,1
187,Bozzini's,1,1
186,Bowen Sushi,1,1
185,Bow & Stern,1,1
184,Bourbon Street Grill,1,1
183,Boulevard Kitchen & Oyster Bar,1,1
182,Botanist,1,1
180,Boomers Sport Grill,1,1
179,Boneta,1,1
178,Bon's Off Broadway,1,1
177,Bon Cafe,1,1
176,Bombay Joe's,1,1
175,Bombay,1,1
173,Bogo Korean Kitchen,1,1
172,Bodega,1,1
170,BoatHouse,1,1
169,Bo Laksa King's Bubbles & Bits,1,1
168,Blue Water Cafe + raw bar,1,1
167,Blue Sky Japanese Bistro Ltd,1,1
166,Blowfish Sushi,1,1
545,Fuloi Restaurant,1,1
547,G-Men Ramen,1,1
1080,Menzou Ramen & Bubble Tea,1,1
895,Koon Bo Seafood Restaurant,1,1
910,Kwan Luck Restaurant,1,1
909,Kurumba,1,1
907,Kumare,1,1
905,Kulinarya Filipino Eatery,1,1
904,Kulinarya,1,1
903,Kuan Zhai Road Restaurant,1,1
902,Krua Thai,1,1
901,Krishna's Dosa Grill,1,1
900,Kozak Ukraїnian Eatery,1,1
899,Koyuki Sapporo Ramen,1,1
898,Koyo Izakaya Sushi Robata,1,1
897,Kowloon,1,1
896,Kosoo,1,1
894,Kongee Dinesty,1,1
878,Kitchen on the Ridge,1,1
893,Komi,1,1
891,Kokoro Ramen,1,1
890,Kokomo,1,1
889,Koko Japanese Restaurant,1,1
888,Kojan Sushi Restaurant,1,1
887,Koho Restaurant | Bar,1,1
886,Knight Street Cafe,1,1
885,Knight & Day Restaurant,1,1
884,Knight & Day,1,1
883,Klasik Inasal,1,1
882,Kizuna,1,1
881,Kizami Japanese Cuisine,1,1
880,Kiyo Sushi,1,1
911,Kwong Chow Congee & Noodle House,1,1
912,Kyabia,1,1
913,Kyoto Sushi,1,1
914,Kypriaki Mediterranean Grill,1,1
945,Landmark Hot Pot House,1,1
944,Lamplighter,1,1
943,Lamb Hot Pot,1,1
942,Lalibela Ethiopian,1,1
941,Ladner Sushi,1,1
940,La Zuppa,1,1
939,La Vita,1,1
938,La Villetta Ristorante,1,1
937,La Trattoria,1,1
936,La Terrazza,1,1
933,La Quercia,1,1
932,La Petite Cuillère,1,1
931,La Pentala,1,1
930,La Notte,1,1
928,La Meza Grill,1,1
927,La Maison Da Nang,1,1
926,La Cucina,1,1
925,La Casita,1,1
924,La Cantina,1,1
923,La Baia Ristorante Italiano,1,1
922,LOCALz on Marine,1,1
921,LIVIA Forno e Vino,1,1
920,LA Grill,1,1
919,L.A. Sushi,1,1
918,L.A. Chicken,1,1
916,L'Artista Italian Restaurant,1,1
915,Kyuzo Japanese Restaurant,1,1
879,Kitstaya Sushi,1,1
877,Kitaya,1,1
815,Jun Sushi,1,1
831,Kami Sushi,1,1
844,Kerala Kitchen,1,1
843,Ken's Kitchen,1,1
842,Kelly O'Bryans Restaurant,1,1
841,Kazu,1,1
840,Kaya Malay Bistro,1,1
839,Kawawa Ramen,1,1
838,Kawawa,1,1
837,Kawa Sushi,1,1
836,Katei Sushi,1,1
835,Katana,1,1
834,Kari House,1,1
833,Karakoram Restaurant,1,1
832,Kappa Japanese Restaurant,1,1
830,Kamei Baru,1,1
876,Kissa Tanto,1,1
829,Kamamarui Ramen & Sushi,1,1
828,Kamamarui Ramen & Don,1,1
827,Kam Ding Seafood Restaurant,1,1
826,Kalvin's Szechuan Restaurant,1,1
825,Kalamaki Greek Grill,1,1
824,Kaja Japanese,1,1
823,Kaide Sushi Bar,1,1
822,Kai Sushi Bar,1,1
821,Kadoya,1,1
820,KYO Korean BBQ & Sushi house,1,1
819,KJ Enjoy Garden Restaurant,1,1
818,Just Waffles,1,1
817,Juniper,1,1
845,Khaghan Restaurant,1,1
846,Ki Isu Japanese Restaurant,1,1
847,Ki Sushi,1,1
848,Kibune Sushi,1,1
875,Kishimoto,1,1
874,Kisha Poppo Japanese Resturant,1,1
873,Kisamos Greek Taverna,1,1
872,Kirin Seafood Restaurant,1,1
871,Kirin Mandarin Restaurant,1,1
870,Kirin Cambie,1,1
869,Kirin,1,1
868,Kira Sushi,1,1
867,Kintaro Ramen,1,1
866,Kingyo,1,1
865,Kingsway Sushi,1,1
864,Kingsway Deli,1,1
863,Kingspark Steak House,1,1
862,Kings Kitchen,1,1
861,Kings Cafe,1,1
860,King's Chinese Cuisine,1,1
859,King Sushi,1,1
858,King Kabob,1,1
857,Kinara,1,1
856,Kimu Japanese Cuisine,1,1
855,Kimchi Palace Restaurant,1,1
854,Kim Phung Restaurant,1,1
853,Kim House,1,1
852,Kim Express,1,1
851,Kim Anh Restaurant,1,1
850,Kiku Sushi Restaurant,1,1
849,Kiku Sushi,1,1
946,Langley Vietnamese Cuisine,1,1
947,Lao Chi Chinese Cuisine,1,1
948,Le Crocrodile,1,1
1030,Mangos Lounge,1,1
1044,Marulilu Cafe,1,1
1043,Maru Sushi MK,1,1
1,17°C Dessert Café,1,1
1041,Maru Japanese Restaurant,1,1
1040,Market by Jean-Georges,1,1
1039,Marine Bay Restaurant,1,1
1038,Maria's Taverna,1,1
1037,Marcello Woodfire Pizza Oven,1,1
1036,Maple Sushi,1,1
1035,Maple Leaf Indian Cuisine,1,1
1033,Manoush’eh,1,1
1032,Manna Sushi,1,1
1031,Manis Pan-Asian Eatery,1,1
1029,Mandarin Hong Kong Cafe,1,1
949,Le Petit Crêpe,1,1
1028,Mandarin Garden Restaurant,1,1
1027,Man Sen Kitchen,1,1
1026,Mamie Taylor's,1,1
1025,Mali Thai Food,1,1
1024,Malaysian Hut,1,1
1023,Mala Factory,1,1
1022,Makoto Sushi,1,1
1021,Maizal RMF,1,1
1020,Main Kabab Hut,1,1
1019,Mai's Vietnamese Restaurant,1,1
1018,Mahony and Sons,1,1
1016,Mahek Chaat House,1,1
1015,Maharaja Sweets and Restaurant,1,1
1046,Marutama Ramen,1,1
1047,Maruwa Sushi,1,1
1048,Masa Japanese Restaurant,1,1
1049,Masala Art Indian Restaurant,1,1
1079,Menya Raizo,1,1
1078,Memphis Blues Barbeque House,1,1
1076,Memphis Blues,1,1
1074,Mek's Delight,1,1
1073,Mehfil India Restaurant,1,1
1072,Mega Sushi,1,1
1071,MeetRice Noodles,1,1
1070,MeetRice Noodle,1,1
1069,Meet on Main,1,1
1068,Meet in Gastown,1,1
1067,Meet Fresh,1,1
1066,MeeT in Yaletown,1,1
1065,Meat at O'Neill's,1,1
1064,Meat & Bread Test Kitchen,1,1
1062,Me + Crepe,1,1
1061,McKim Wonton Mein Saga,1,1
1060,Mazatlán Mexican Restaurant,1,1
1059,Mayuri Indian Cuisine,1,1
1058,Maxims Restaurant,1,1
1057,Max's Restaurant,1,1
1056,Max Noodle House,1,1
1055,Matsuzushi,1,1
1054,Match,1,1
1053,Master Hung BBQ & Won Ton,1,1
1052,Masita Korean Restaurant,1,1
1051,Masayoshi,1,1
1050,Masala India Bistro,1,1
1014,Maguro Sushi,1,1
1013,Maguro,1,1
1012,Madras Club House,1,1
981,Liuyishou Hotpot Robson,1,1
978,Little Sheep Mongolian Hot Pot,1,1
977,Little Saigon Yaletown,1,1
975,Little Mexico Cantina,1,1
974,Little Japan Sushi,1,1
973,Little India,1,1
972,Liquids + Solids,1,1
971,Lion Hot Pot,1,1
970,Linh Café,1,1
969,Lin Chinese Cuisine And Tea House,1,1
968,Lim Kee Restaurant,1,1
967,Lighthouse Fresh and Tasty,1,1
966,Lighthouse Fresh & Tasty,1,1
965,Lift Bar & Grill,1,1
964,Libra Room,1,1
963,Liberty Kitchen,1,1
962,Li's China Grill,1,1
961,Lhy Thai,1,1
960,Les Faux Bourgeois,1,1
959,Legendary Noodle House,1,1
958,Legendary Noodle,1,1
957,Legendary Hot Pot,1,1
956,Legend House,1,1
954,Lee Garden Seafood Restaurant,1,1
953,Le Vol Au Vent,1,1
952,Le Pizzo Bella,1,1
951,Le Pho,1,1
950,Le Petit Saigon,1,1
979,Little Tokyo Sushi,1,1
982,Local Public Eatery,1,1
1011,Mackenzie Cafe,1,1
983,Locus Restaurant,1,1
1010,Ma Dang Goul,1,1
1009,MYST Asian Fusion,1,1
1008,MK Chop Chop BBQ House,1,1
1007,M Cafe,1,1
1006,Luxe Chinese Seafood Restaurant,1,1
1005,Lupo,1,1
1004,Lunch Club,1,1
1003,Lulu's Kitchen,1,1
1002,Luda Southern Dishes,1,1
1001,Lucy's Eastside Diner,1,1
1000,Lucky Taco,1,1
999,Lucky Sushi,1,1
998,Lucky Plus Restaurant,1,1
997,Lucky Horse Chinese Restaurant,1,1
996,Lucky Gate,1,1
995,Lucky Dragon Palace Restaurant,1,1
994,Lualu Kitchen,1,1
993,Lu Charcoal Grill,1,1
992,Love for Pho,1,1
991,Lougheed Wonton Restaurant,1,1
990,Lotus Restaurant,1,1
989,Lotus Garden Express,1,1
988,Lotus,1,1
987,Los Cuervos Taqueria & Cantina,1,1
986,Long's Noodle House,1,1
985,Long Shun Yuan Restaurant,1,1
984,Lok's Chinese Restaurant,1,1
816,Jun Yuan Restaurant,1,1
814,Jules Bistro,1,1
548,GNJ Vegetarian Bistro,1,1
627,Guu Original Thurlow,1,1
640,Hai Phong,1,1
639,Hadi's Restaurant,1,1
638,Ha Long Bay,1,1
637,HOOD29,1,1
636,HK B.B.Q. Master,1,1
635,HIKO SUSHI,1,1
634,HAAN Korean BBQ,1,1
633,Gyu-Kaku Japanese BBQ,1,1
632,Gyu-Kaku,1,1
631,Gyoza Bar,1,1
630,Gyo-O,1,1
629,Gyo Para -Gyoza and Ramen Paradise,1,1
628,Guu ​with Garlic,1,1
626,Guu Garden,1,1
610,Green & Oak Malaysian Restaurant,1,1
625,Gusto,1,1
624,Gurkha Himalayan Kitchen,1,1
623,Gulberg Fine Cuisine,1,1
622,Guildford Sushi House,1,1
621,Gudrun,1,1
620,Grounds for Appeal,1,1
619,Grotto,1,1
618,Green Lettuce Restaurant,1,1
617,Green Lettuce,1,1
615,Green Leaf Sushi Cafe,1,1
614,Green Leaf Sushi,1,1
613,Green House Cafe & Bistro,1,1
612,Green Basil Thai,1,1
641,Hai Phong Vietnamese Restaurant,1,1
642,HaiDiLao Hot Pot,1,1
643,Hail Mary's,1,1
644,Haiyi Seafood Restaurant,1,1
674,Haru Korean Kitchen,1,1
673,Hart House Restaurant,1,1
672,Harold's,1,1
671,Harbour Oyster + Bar,1,1
670,Harambe,1,1
669,Happy Valley Village Restaurant,1,1
668,Happy Valley Dim Sum Seafood Restaurant,1,1
666,Happy Sushi,1,1
665,Happy Noodle House,1,1
664,Happy Lamp Hot Pot,1,1
663,Happy Lamb Hot Pot,1,1
662,Happy Family Restaurant,1,1
659,Hanwoori Korean Restaurant,1,1
658,Hanok Korean Restaurant,1,1
657,Hanok,1,1
656,Hanoi Old Quarter Restaurant,1,1
655,Hanju,1,1
654,Handi Indian Restaurant,1,1
653,Handi,1,1
652,Hanayuki Sushi,1,1
651,Hananoki Japanese Restaurant,1,1
650,Hanano Sushi & Grill,1,1
649,Hanami,1,1
648,Hana Sushi Japanese Restaurant,1,1
647,Hana Sushi,1,1
646,Ham & Eggman's,1,1
645,Halu Sushi,1,1
611,Green Bamboo,1,1
609,Greek Islands Restaurant 1,1,1
813,Juke,1,1
563,Gillaneh Restaurant,1,1
576,Golden Field Restaurant,1,1
575,Golden Dragon Restaurant,1,1
574,Gold Train Express Restaurant,1,1
573,Gold Train Express,1,1
572,Gold Stone Bakery & Restaurant,1,1
571,Gold Penny Restaurant,1,1
570,Gojo Little Africa Cafe,1,1
569,Glowbal,1,1
568,Gino's Restaurant,1,1
567,Gingeri Chinese Cuisine,1,1
566,Ginger Sushi,1,1
565,Ginger & Soy Chinese Cuisine,1,1
564,Ginger & Chili,1,1
562,Giardino Restaurant,1,1
608,Greek Islands Restaurant,1,1
561,Gian's Indian Cuisine,1,1
560,George's Greek Taverna,1,1
559,Genji Japanese Restaurant,1,1
558,Geng Shi Ji,1,1
557,Gaya Sushi,1,1
556,Garlic and Chili,1,1
555,Garden City Hot Pot,1,1
554,Gang Nam Korean BBQ,1,1
553,Gami Sushi,1,1
552,Ga Hyang Ru,1,1
551,GT II Noodle House,1,1
550,GRUB,1,1
549,GO Canada,1,1
577,Golden Garden Vietnamese Cuisine,1,1
578,Golden Pair Vietnamese Asian Cuisine,1,1
579,Golden Panda Restaurant,1,1
580,Golden Paramount Seafood Restaurant,1,1
607,Greek Guys,1,1
606,Greek Fellas Restaurant,1,1
605,Greedy Pig,1,1
604,Great Wall Mongolian BBQ,1,1
603,Great Pizza,1,1
602,Great Han Mongolian BBQ,1,1
601,Grapes and Soda,1,1
600,Grandt Kitchen,1,1
599,Grand View Szechuan Restaurant,1,1
598,Grand Seasons Restaurant,1,1
597,Grand Honour,1,1
596,Grand Dynasty,1,1
595,Grand Crystal Seafood,1,1
594,Grand Chinese Restaurant,1,1
593,Grand Chinese Hotpot,1,1
592,Gramercy Grill,1,1
591,Grace of India,1,1
590,Gourmet Chinese,1,1
589,Gotham,1,1
588,Good Sushi,1,1
587,Good Choice Restaurant,1,1
586,Gon's Izakaya,1,1
585,Golphis Steak & Lobster,1,1
584,Goldies,1,1
583,Golden Sweets & Restaurant,1,1
582,Golden Swan Restaurant,1,1
581,Golden River,1,1
675,Haru Sushi,1,1
676,Harvest Delicatessen,1,1
677,Hashi Sushi,1,1
763,Izba Bistro,1,1
777,Jako Sushi,1,1
776,Jaipur Indian Restaurant,1,1
775,Jagga Sweets,1,1
774,Jade Valley,1,1
773,Jade Garden Kitchen,1,1
772,Jade Dynasty Restaurant,1,1
771,Jackalope's Neighborhood Dive,1,1
770,JOS,1,1
769,JOEY Burrard,1,1
768,JOEY Burnaby,1,1
767,JOEY Bentall One,1,1
766,J.R Taste Of Ceylon,1,1
764,J&G Fried Chicken,1,1
761,Italian Kitchen,1,1
678,Havana,1,1
760,Isami Sushi,1,1
759,Irori Sushi,1,1
758,Iron Chief,1,1
757,Iron Bowl Japanese,1,1
756,Irashai Sushi,1,1
755,Insadong,1,1
754,Ingrain,1,1
752,Indishspensable,1,1
751,Indian Star Restaurant Ltd.,1,1
750,Indian Oven,1,1
749,Indian Junction Bar & Grill,1,1
748,Indian Haveli Restaurant,1,1
747,Indian Fusion,1,1
778,Jamaican Pizza Jerk,1,1
779,Jambo Grill,1,1
780,James Street Cafe & Grill,1,1
781,Jamjar,1,1
812,Joyful Seafood Restaurant,1,1
811,Joyeaux Café and Restaurant,1,1
810,Joyce Jiaozi,1,1
809,Joy Sushi,1,1
808,Josephines Restaurant and Catering,1,1
807,JoongWon,1,1
806,Joker's Pizzaria,1,1
804,John 3:16 Malaysian Delights,1,1
802,Joe Fortes,1,1
801,JoJo's Fish & Chips Bana Restaurant,1,1
800,Jiro Sushi & Ramen,1,1
798,Jinya,1,1
797,Jin Soo Sung Chan Korean Restaurant,1,1
796,Jin Jiang Shanghai Restaurant,1,1
795,Jin Jiang Japanese Restaurant,1,1
794,Jim's Pizzeria,1,1
793,Jim's Pizza,1,1
792,Jethro's Fine Grub,1,1
791,Jerusalem Grill,1,1
790,Jasmine Garden Seafood Restaurant,1,1
789,Jasmine Flower Shanghai Cuisine,1,1
788,Jasmine Club Chinese Restaurant,1,1
787,Jarrito Loco Tacos,1,1
786,Japarrito,1,1
785,Japanese Bistro Kammone,1,1
783,Jan's On The Beach,1,1
782,Jamjar Folk Lebanese Food,1,1
746,Indian Delicacy,1,1
745,Indian Bombay Bistro,1,1
744,Indian Bay Leaf,1,1
711,Hong Sushi,1,1
709,Hong Kong No. 1 Chinese Restaurant,1,1
708,Honey Salt,1,1
707,Hon's Wun-Tun House Ltd.,1,1
706,Hon's Wun-Tun House,1,1
704,Hon's,1,1
703,Hon Sushi,1,1
702,Home Restaurant,1,1
701,Home BBQ,1,1
700,Holy Taco,1,1
698,Ho Yuen Kee Restaurant,1,1
697,Ho Fung,1,1
696,Hitori Japanese Restaurant,1,1
695,Hirame Sushi,1,1
694,Hinn Ramen,1,1
693,Hime Sushi,1,1
692,Himalaya Sweets and Restaurant,1,1
691,Himalaya Restaurant,1,1
690,Hikari Cafe,1,1
689,Hi Nippon,1,1
688,Hi Dozo Sushi,1,1
686,Henry's Kitchen,1,1
685,Helen's Grill,1,1
684,Heirs Pears,1,1
682,Hearthstone Pizza,1,1
681,Healthy Noodle House,1,1
680,Hayashi Sushi,1,1
679,Hawksworth Restaurant,1,1
710,Hong Mao Restaurant,1,1
712,Hongdae Pocha Korean,1,1
743,India Bistro,1,1
713,Honjin Yaletown Sushi Restaurant,1,1
742,Incendio,1,1
741,Il Castello Pizzeria,1,1
740,Ikura,1,1
739,Ihop,1,1
738,Ignite Pizzeria,1,1
736,IPOH Asian House,1,1
734,I&I Jamaican Restaurant,1,1
733,I Love Sushi,1,1
732,Hyoga Japanese Cuisine,1,1
731,Hydra Estiatorio Mediterranean,1,1
730,Hyde Restaurant & Lounge,1,1
729,Hyack Sushi,1,1
728,Hunnybee Bruncheonette,1,1
727,Hula,1,1
726,Hukuya Sushi,1,1
725,Hugo's Mexican Kitchen,1,1
724,Hubbub,1,1
723,Hub Restaurant New West,1,1
722,Huang's Beef Noodle,1,1
721,Hoy's Wonton House,1,1
720,House of Dosas,1,1
719,House Special,1,1
718,Hotpot Palace,1,1
717,Hot-Star Large Fried Chicken,1,1
716,Hot Pho Restaurant,1,1
715,Hot Chili House,1,1
714,Horseshoe Bay Chinese Restaurant,1,1
2084,yoko sushi,1,1
